Date,Platform,Content Type,Topic,Status,Author,Notes
2024-01-08,LinkedIn,Article,10 Productivity Hacks for 2024,Published,David,Reached 5k impressions
2024-01-08,Twitter,Thread,Breaking down Eisenhower Matrix,Published,Maria,High engagement - 200 RTs
2024-01-09,Instagram,Carousel,Weekly Planning Template,Draft,Sarah,Visual design in progress
2024-01-09,Newsletter,Long-form,January Insights & Learnings,Scheduled,James,Goes out Tuesday morning
2024-01-10,YouTube,Tutorial,Time Blocking for Busy Professionals,In Progress,Carlos,Recording complete - editing phase
2024-01-10,TikTok,Short Video,30-second productivity tip,Draft,Jessica,Trending audio - ready to record
2024-01-11,Blog,How-to Guide,Setting SMART Goals That Stick,Draft,David,Outline done - writing this week
2024-01-12,LinkedIn,Document,2024 Productivity Trends,Scheduled,Maria,Publishing Friday for maximum reach
2024-01-12,Twitter,Quote,Daily productivity inspiration,Draft,James,Queue for next week
2024-01-13,Facebook,Community Post,Celebrating Team Win,Published,Sarah,Community response great
2024-01-15,LinkedIn,Article,Automation Saves 10 Hours Weekly,Draft,David,Research phase
2024-01-15,Instagram,Story,Behind-the-scenes team,Draft,Jessica,Fun content for followers
2024-01-16,Newsletter,Video,Product Roadmap Update,In Progress,James,Recording this Tuesday
2024-01-17,Blog,Case Study,Client Success Story,In Progress,Carlos,Interview scheduled
2024-01-17,YouTube,Strategy Guide,2024 Content Strategy,Outline,David,Research needed
2024-01-18,TikTok,Trend,Productivity myth-busting,Draft,Jessica,
2024-01-19,Twitter,Poll,Best time management tool,Scheduled,Maria,Engagement experiment
2024-01-19,LinkedIn,Video,Quick team reflection,Draft,Sarah,5-minute segment
2024-01-22,Blog,Interview,Expert interview - Time management,Scheduled,David,Publishes Monday
2024-01-22,Newsletter,Listicle,Top 5 Productivity Tools,Draft,James,Subscriber favorite format
2024-01-23,Instagram,Reel,Animation - Productivity Hacks,In Progress,Jessica,Professional animator
2024-01-24,YouTube,Vlog,Day in the life,Outline,Carlos,Authenticity content
2024-01-25,Facebook,Event Announcement,Webinar - Goal Setting,Scheduled,Sarah,Free for community
2024-01-26,Twitter,Thread,Annual review framework,Draft,Maria,Evergreen content
2024-01-26,LinkedIn,Article,Scale without burnout,Research,David,Popular topic
2024-01-29,Newsletter,Personal,Lessons learned this month,Draft,James,Reflective piece
2024-01-29,Blog,Roundup,Best productivity insights from media,Draft,Carlos,Curation style
2024-01-30,TikTok,Duet,Respond to productivity trend,Draft,Jessica,Engagement strategy
2024-01-30,YouTube,Q&A,Answering subscriber questions,In Progress,James,30 questions collected
